{
  "unlucky_losing": {
    "attCapture50Bonus": 38528.51269994275,
    "attCapture30Bonus": 19542.585540637076,
    "attCapture20Bonus": 8903.04741978277,
    "attWinBonus": 32926.094546686625,
    "attThreatMultiplier": 1.1384271434342923,
    "attApproachPenaltyMultiplier": 2.5219937429451402,
    "attApproachThreshold": 0.4881334871377164,
    "attImmediateCaptureMultiplier": 1.2975751184609179,
    "attMirrorBounceBonus": 5.171342655396786,
    "attMobilityBonus": 4.286684087372523,
    "attCenterControlBonus": 6.733048479315602,
    "attTrapBonusMultiplier": 0.7325490167278382,
    "attEscapePenaltyMultiplier": 0.2447280188085877,
    "defSurvivalMultiplier": 8.687062409642596,
    "defThreatPenaltyMultiplier": 14.644920362853584,
    "defClusterPenalty": 33.23828241989843,
    "defCollinearPenalty": 9.966779061842546,
    "defMobilityBonus": 3.0228894712196492,
    "defCenterControlPenalty": 7.514026589959974,
    "defSafetyStepPenaltyMultiplier": 0.07135088577038881
  },
  "unlucky_tied": {
    "attCapture50Bonus": 23024.933037524213,
    "attCapture30Bonus": 19837.68537987417,
    "attCapture20Bonus": 17791.930606920127,
    "attWinBonus": 39206.3470636464,
    "attThreatMultiplier": 1.0332428061554895,
    "attApproachPenaltyMultiplier": 2.7640177127716474,
    "attApproachThreshold": 0.39762169349690446,
    "attImmediateCaptureMultiplier": 1.6311394391941105,
    "attMirrorBounceBonus": 9.522669624013783,
    "attMobilityBonus": 5.232141607789258,
    "attCenterControlBonus": 11.206248000226067,
    "attTrapBonusMultiplier": 0.7926526247195387,
    "attEscapePenaltyMultiplier": 0.19911974131258686,
    "defSurvivalMultiplier": 11.263145780573323,
    "defThreatPenaltyMultiplier": 19.967618055424467,
    "defClusterPenalty": 44.38114204614302,
    "defCollinearPenalty": 22.90804827648272,
    "defMobilityBonus": 2.5218489806318165,
    "defCenterControlPenalty": 5.165728006487986,
    "defSafetyStepPenaltyMultiplier": 0.11752763967369796
  },
  "unlucky_winning": {
    "attCapture50Bonus": 33685.33527467354,
    "attCapture30Bonus": 11810.022542829318,
    "attCapture20Bonus": 8818.140406268276,
    "attWinBonus": 45599.68342552599,
    "attThreatMultiplier": 1.2086738791806502,
    "attApproachPenaltyMultiplier": 1.2780306155269054,
    "attApproachThreshold": 0.3323559040466557,
    "attImmediateCaptureMultiplier": 1.3955433677860125,
    "attMirrorBounceBonus": 3.115940417959354,
    "attMobilityBonus": 2.158401185910813,
    "attCenterControlBonus": 6.7766907897060555,
    "attTrapBonusMultiplier": 0.6154049516048652,
    "attEscapePenaltyMultiplier": 0.29980811336087987,
    "defSurvivalMultiplier": 4.864628717555819,
    "defThreatPenaltyMultiplier": 9.70348928091404,
    "defClusterPenalty": 35.40580434403223,
    "defCollinearPenalty": 9.896821138144587,
    "defMobilityBonus": 3.197860016674956,
    "defCenterControlPenalty": 6.5068700669043755,
    "defSafetyStepPenaltyMultiplier": 0.06202791360855949
  },
  "average_losing": {
    "attCapture50Bonus": 33813.8153398499,
    "attCapture30Bonus": 18796.595564048617,
    "attCapture20Bonus": 6944.801747374739,
    "attWinBonus": 40373.900617288506,
    "attThreatMultiplier": 0.5511509182382562,
    "attApproachPenaltyMultiplier": 1.1319189802761331,
    "attApproachThreshold": 0.24406875881762002,
    "attImmediateCaptureMultiplier": 0.5086590751648002,
    "attMirrorBounceBonus": 3.7649710076170693,
    "attMobilityBonus": 2.7668704470522894,
    "attCenterControlBonus": 5.960367188952964,
    "attTrapBonusMultiplier": 0.6827916663344412,
    "attEscapePenaltyMultiplier": 0.21132051065209304,
    "defSurvivalMultiplier": 5.263281721053468,
    "defThreatPenaltyMultiplier": 8.063077987319664,
    "defClusterPenalty": 16.746916416191592,
    "defCollinearPenalty": 20.353309347270795,
    "defMobilityBonus": 2.1391560433397174,
    "defCenterControlPenalty": 2.434252610029714,
    "defSafetyStepPenaltyMultiplier": 0.06461875994686017
  },
  "average_tied": {
    "attCapture50Bonus": 20093.275758180847,
    "attCapture30Bonus": 16214.80033399431,
    "attCapture20Bonus": 16028.821784922224,
    "attWinBonus": 47590.558906004546,
    "attThreatMultiplier": 1.1837561249481041,
    "attApproachPenaltyMultiplier": 0.9784939795401201,
    "attApproachThreshold": 0.5263939481608501,
    "attImmediateCaptureMultiplier": 1.574094046649023,
    "attMirrorBounceBonus": 5.999119669268602,
    "attMobilityBonus": 3.4293421774498043,
    "attCenterControlBonus": 2.699637263135683,
    "attTrapBonusMultiplier": 0.7576429241813234,
    "attEscapePenaltyMultiplier": 0.3124020369882564,
    "defSurvivalMultiplier": 3.43090922391009,
    "defThreatPenaltyMultiplier": 11.004321159868192,
    "defClusterPenalty": 14.973866610953918,
    "defCollinearPenalty": 18.204943883220032,
    "defMobilityBonus": 2.8101666461141517,
    "defCenterControlPenalty": 4.615318929662877,
    "defSafetyStepPenaltyMultiplier": 0.04280827404383407
  },
  "average_winning": {
    "attCapture50Bonus": 29552.28596340188,
    "attCapture30Bonus": 22506.725470941816,
    "attCapture20Bonus": 11566.547148461024,
    "attWinBonus": 36281.881273068495,
    "attThreatMultiplier": 1.123805959336497,
    "attApproachPenaltyMultiplier": 1.1428724039659675,
    "attApproachThreshold": 0.3499624309055584,
    "attImmediateCaptureMultiplier": 1.1009762459868961,
    "attMirrorBounceBonus": 4.11230478253318,
    "attMobilityBonus": 3.168773671590816,
    "attCenterControlBonus": 6.953540918883514,
    "attTrapBonusMultiplier": 0.7439320131647372,
    "attEscapePenaltyMultiplier": 0.3875752739333944,
    "defSurvivalMultiplier": 3.991148980317193,
    "defThreatPenaltyMultiplier": 13.385335624730988,
    "defClusterPenalty": 29.024254965756604,
    "defCollinearPenalty": 18.187154057157933,
    "defMobilityBonus": 1.7290005685395133,
    "defCenterControlPenalty": 7.091355029671246,
    "defSafetyStepPenaltyMultiplier": 0.06815120030525894
  },
  "lucky_losing": {
    "attCapture50Bonus": 17714.65542978181,
    "attCapture30Bonus": 27471.16344687989,
    "attCapture20Bonus": 10371.982771136254,
    "attWinBonus": 44340.65292625383,
    "attThreatMultiplier": 1.1048267023132086,
    "attApproachPenaltyMultiplier": 1.6974531726403885,
    "attApproachThreshold": 0.5133852564727595,
    "attImmediateCaptureMultiplier": 1.235732842985548,
    "attMirrorBounceBonus": 7.899382396659849,
    "attMobilityBonus": 2.0122690897894584,
    "attCenterControlBonus": 6.7857621222277675,
    "attTrapBonusMultiplier": 0.764767197231142,
    "attEscapePenaltyMultiplier": 0.34964590935371426,
    "defSurvivalMultiplier": 9.409000610116633,
    "defThreatPenaltyMultiplier": 11.522313530111033,
    "defClusterPenalty": 18.32471841100966,
    "defCollinearPenalty": 27.091940875987767,
    "defMobilityBonus": 4.60653518369618,
    "defCenterControlPenalty": 8.13098905137902,
    "defSafetyStepPenaltyMultiplier": 0.09670359622589984
  },
  "lucky_tied": {
    "attCapture50Bonus": 14638.274006030653,
    "attCapture30Bonus": 9109.905023828675,
    "attCapture20Bonus": 9356.363624076674,
    "attWinBonus": 66821.78296207862,
    "attThreatMultiplier": 0.7653498967969415,
    "attApproachPenaltyMultiplier": 1.5013338496073418,
    "attApproachThreshold": 0.22057226548393138,
    "attImmediateCaptureMultiplier": 1.1127881841936205,
    "attMirrorBounceBonus": 3.7926920823868517,
    "attMobilityBonus": 1.9007685858876229,
    "attCenterControlBonus": 4.197744096132757,
    "attTrapBonusMultiplier": 0.2746255595974021,
    "attEscapePenaltyMultiplier": 0.278922089739148,
    "defSurvivalMultiplier": 2.3992470778406565,
    "defThreatPenaltyMultiplier": 7.360275879584821,
    "defClusterPenalty": 29.496745076686203,
    "defCollinearPenalty": 13.905455781062633,
    "defMobilityBonus": 2.0579343548585918,
    "defCenterControlPenalty": 4.331207701489347,
    "defSafetyStepPenaltyMultiplier": 0.07872150400836604
  },