{
  "unlucky_losing": {
    "attCapture50Bonus": 26492.507880184272,
    "attCapture30Bonus": 16027.409695821947,
    "attCapture20Bonus": 13237.45871787449,
    "attWinBonus": 44176.98052614672,
    "attThreatMultiplier": 0.5205505042511857,
    "attApproachPenaltyMultiplier": 0.854605207506157,
    "attApproachThreshold": 0.46735371231389267,
    "attImmediateCaptureMultiplier": 0.5460998229763551,
    "attMirrorBounceBonus": 3.8820577456052634,
    "attMobilityBonus": 3.1941239128225294,
    "attCenterControlBonus": 4.925730093615673,
    "attTrapBonusMultiplier": 0.5665620692057529,
    "attEscapePenaltyMultiplier": 0.2780463634127445,
    "defSurvivalMultiplier": 3.27437940492082,
    "defThreatPenaltyMultiplier": 9.797536239209505,
    "defClusterPenalty": 21.32868893692886,
    "defCollinearPenalty": 10.933173454070172,
    "defMobilityBonus": 1.599647993441239,
    "defCenterControlPenalty": 3.408889482022768,
    "defSafetyStepPenaltyMultiplier": 0.06573503026347699
  },
  "unlucky_tied": {
    "attCapture50Bonus": 23199.152030199977,
    "attCapture30Bonus": 16242.839597541246,
    "attCapture20Bonus": 7978.009489663887,
    "attWinBonus": 52478.77305531241,
    "attThreatMultiplier": 0.9581673233858664,
    "attApproachPenaltyMultiplier": 2.702544311831036,
    "attApproachThreshold": 0.40903431773489396,
    "attImmediateCaptureMultiplier": 1.320909263551831,
    "attMirrorBounceBonus": 7.1361430532060925,
    "attMobilityBonus": 3.4920317640926446,
    "attCenterControlBonus": 7.9678967789183535,
    "attTrapBonusMultiplier": 0.48883484371280383,
    "attEscapePenaltyMultiplier": 0.3759546016996155,
    "defSurvivalMultiplier": 6.538412819124217,
    "defThreatPenaltyMultiplier": 8.95233167039107,
    "defClusterPenalty": 35.215295499571724,
    "defCollinearPenalty": 15.050452522912163,
    "defMobilityBonus": 2.401662490538454,
    "defCenterControlPenalty": 8.135436391172941,
    "defSafetyStepPenaltyMultiplier": 0.08071963061278183
  },
  "unlucky_winning": {
    "attCapture50Bonus": 21039.5870274661,
    "attCapture30Bonus": 8399.2494715679,
    "attCapture20Bonus": 11541.428657367214,
    "attWinBonus": 58942.16739799606,
    "attThreatMultiplier": 0.8705840446101414,
    "attApproachPenaltyMultiplier": 1.2625506374359332,
    "attApproachThreshold": 0.24771964028628093,
    "attImmediateCaptureMultiplier": 0.8114270652476364,
    "attMirrorBounceBonus": 3.842179905528728,
    "attMobilityBonus": 3.4027488150976777,
    "attCenterControlBonus": 2.9421082512672667,
    "attTrapBonusMultiplier": 0.420150326687706,
    "attEscapePenaltyMultiplier": 0.32397834092497585,
    "defSurvivalMultiplier": 4.994215149627898,
    "defThreatPenaltyMultiplier": 9.674719390810106,
    "defClusterPenalty": 32.854206641693736,
    "defCollinearPenalty": 9.24024551696605,
    "defMobilityBonus": 1.5501180924384341,
    "defCenterControlPenalty": 5.100782657884142,
    "defSafetyStepPenaltyMultiplier": 0.02971112621208312
  },
  "average_losing": {
    "attCapture50Bonus": 23994.58462568174,
    "attCapture30Bonus": 12970.372473653311,
    "attCapture20Bonus": 14214.863983475663,
    "attWinBonus": 48732.70822707577,
    "attThreatMultiplier": 1.460536358240052,
    "attApproachPenaltyMultiplier": 1.06283713890449,
    "attApproachThreshold": 0.2608130409740848,
    "attImmediateCaptureMultiplier": 1.6191565694338321,
    "attMirrorBounceBonus": 7.678984727520672,
    "attMobilityBonus": 2.09506983842433,
    "attCenterControlBonus": 5.86657633943579,
    "attTrapBonusMultiplier": 0.7776777377256932,
    "attEscapePenaltyMultiplier": 0.35113914353443293,
    "defSurvivalMultiplier": 4.983046301082804,
    "defThreatPenaltyMultiplier": 9.477521986387538,
    "defClusterPenalty": 26.125912165374856,
    "defCollinearPenalty": 15.364625987516408,
    "defMobilityBonus": 3.659161383044334,
    "defCenterControlPenalty": 6.604458512769281,
    "defSafetyStepPenaltyMultiplier": 0.08317288314885611
  },
  "average_tied": {
    "attCapture50Bonus": 20785.381776644885,
    "attCapture30Bonus": 14917.008782411323,
    "attCapture20Bonus": 10906.976096042117,
    "attWinBonus": 53264.15226913339,
    "attThreatMultiplier": 1.7328560322787543,
    "attApproachPenaltyMultiplier": 2.2983397481028445,
    "attApproachThreshold": 0.7185511281780856,
    "attImmediateCaptureMultiplier": 2.2147594284963037,
    "attMirrorBounceBonus": 7.2978657231247395,
    "attMobilityBonus": 2.3798020752299855,
    "attCenterControlBonus": 4.275709863473238,
    "attTrapBonusMultiplier": 0.804461395288847,
    "attEscapePenaltyMultiplier": 0.37258760987974626,
    "defSurvivalMultiplier": 11.26214574231631,
    "defThreatPenaltyMultiplier": 21.20865744043744,
    "defClusterPenalty": 28.779966574107693,
    "defCollinearPenalty": 30.5106537708326,
    "defMobilityBonus": 4.029611872523273,
    "defCenterControlPenalty": 8.491601579858836,
    "defSafetyStepPenaltyMultiplier": 0.10350578417086209
  },
  "average_winning": {
    "attCapture50Bonus": 17655.856149464395,
    "attCapture30Bonus": 11814.334982291966,
    "attCapture20Bonus": 8861.004266471617,
    "attWinBonus": 61617.527664354784,
    "attThreatMultiplier": 0.7773918472310071,
    "attApproachPenaltyMultiplier": 1.3355847031162047,
    "attApproachThreshold": 0.45890065939728164,
    "attImmediateCaptureMultiplier": 0.6763338042012972,
    "attMirrorBounceBonus": 2.929171817829244,
    "attMobilityBonus": 1.3157146203436212,
    "attCenterControlBonus": 4.646721679362807,
    "attTrapBonusMultiplier": 0.5343126060976465,
    "attEscapePenaltyMultiplier": 0.195488033323704,
    "defSurvivalMultiplier": 3.177029606800407,
    "defThreatPenaltyMultiplier": 5.967787999643257,
    "defClusterPenalty": 14.301655263206108,
    "defCollinearPenalty": 7.429125597411826,
    "defMobilityBonus": 1.7922578368599542,
    "defCenterControlPenalty": 5.66718503253945,
    "defSafetyStepPenaltyMultiplier": 0.07227630989019528
  },
  "lucky_losing": {
    "attCapture50Bonus": 33363.17621487262,
    "attCapture30Bonus": 11251.656535518949,
    "attCapture20Bonus": 17191.73632807018,
    "attWinBonus": 38089.951072887576,
    "attThreatMultiplier": 1.6883594546153458,
    "attApproachPenaltyMultiplier": 2.4373530077773715,
    "attApproachThreshold": 0.36794825221014793,
    "attImmediateCaptureMultiplier": 1.6811156044418243,
    "attMirrorBounceBonus": 7.475475279195638,
    "attMobilityBonus": 1.5969744102684709,
    "attCenterControlBonus": 3.0499096041963014,
    "attTrapBonusMultiplier": 0.746916655002006,
    "attEscapePenaltyMultiplier": 0.2422699089710031,
    "defSurvivalMultiplier": 7.167432523039261,
    "defThreatPenaltyMultiplier": 12.535891292974235,
    "defClusterPenalty": 29.10024483141269,
    "defCollinearPenalty": 25.566824017299293,
    "defMobilityBonus": 2.0626433590059814,
    "defCenterControlPenalty": 7.701411685120577,
    "defSafetyStepPenaltyMultiplier": 0.05907876510889723
  },
  "lucky_tied": {
    "attCapture50Bonus": 28214.399072461318,
    "attCapture30Bonus": 16455.70119783991,
    "attCapture20Bonus": 4004.7444684033308,
    "attWinBonus": 51257.210682659985,
    "attThreatMultiplier": 0.898778778380058,
    "attApproachPenaltyMultiplier": 1.5515949899529453,
    "attApproachThreshold": 0.3078800758306744,
    "attImmediateCaptureMultiplier": 0.877032755576201,
    "attMirrorBounceBonus": 3.601704283783608,
    "attMobilityBonus": 2.447202170101768,
    "attCenterControlBonus": 5.1771365008895405,
    "attTrapBonusMultiplier": 0.4039919205097815,
    "attEscapePenaltyMultiplier": 0.10494536624623155,
    "defSurvivalMultiplier": 5.604780832108692,
    "defThreatPenaltyMultiplier": 8.449616457269308,
    "defClusterPenalty": 24.64078844725554,
    "defCollinearPenalty": 6.332342393826898,
    "defMobilityBonus": 2.8031193136655825,
    "defCenterControlPenalty": 4.7061431459378085,
    "defSafetyStepPenaltyMultiplier": 0.03752120414672882
  },