{
  "attCapture50Bonus": 45511.28856259301,
  "attCapture30Bonus": 16752.712751193976,
  "attCapture20Bonus": 14713.129534844542,
  "attWinBonus": 127444.87189186696,
  "attThreatMultiplier": 1.0096891703360902,
  "attApproachPenaltyMultiplier": 1.867938161192919,
  "attApproachThreshold": 0.4759039707505173,
  "attImmediateCaptureMultiplier": 2.47025807190994,
  "attMirrorBounceBonus": 2.549601371179996,
  "attMobilityBonus": 7.094446207496918,
  "attCenterControlBonus": 10.747384167935857,
  "attTrapBonusMultiplier": 0.5652658517727117,
  "attEscapePenaltyMultiplier": 0.0734892343979678,
  "defSurvivalMultiplier": 6.635893357083758,
  "defThreatPenaltyMultiplier": 6.1084608380530545,
  "defClusterPenalty": 20.20996232472506,
  "defCollinearPenalty": 38.56502533491383,
  "defMobilityBonus": 3.4900624865632115,
  "defCenterControlPenalty": 13.734937769814378,
  "defSafetyStepPenaltyMultiplier": 0.1436486526530807
}