{
  "attCapture50Bonus": 34604.53213890966,
  "attCapture30Bonus": 38378.502060763756,
  "attCapture20Bonus": 10028.01465124999,
  "attWinBonus": 47349.91043542085,
  "attThreatMultiplier": 2.4294180961814145,
  "attApproachPenaltyMultiplier": 2.740203622858903,
  "attApproachThreshold": 0.5059426938803518,
  "attImmediateCaptureMultiplier": 1.6791731757211517,
  "attMirrorBounceBonus": 13.599742583415564,
  "attMobilityBonus": 6.1665066910626924,
  "attCenterControlBonus": 6.895164279595233,
  "attTrapBonusMultiplier": 1.1525679040918908,
  "attEscapePenaltyMultiplier": 0.5518522710938923,
  "defSurvivalMultiplier": 10.912659672270507,
  "defThreatPenaltyMultiplier": 15.192174938673539,
  "defClusterPenalty": 74.55607413854581,
  "defCollinearPenalty": 14.651013129377356,
  "defMobilityBonus": 3.6489010468059284,
  "defCenterControlPenalty": 11.026736085913747,
  "defSafetyStepPenaltyMultiplier": 0.0856844050513513
}