{
  "attCapture50Bonus": 69794.12679760465,
  "attCapture30Bonus": 30006.265743947934,
  "attCapture20Bonus": 16210.865784624495,
  "attWinBonus": 53103.647913387395,
  "attThreatMultiplier": 1.2375829951145685,
  "attApproachPenaltyMultiplier": 2.093895497238683,
  "attApproachThreshold": 0.3743257279594298,
  "attImmediateCaptureMultiplier": 1.5921373872162121,
  "attMirrorBounceBonus": 9.219066391719808,
  "attMobilityBonus": 6.870215103796293,
  "attCenterControlBonus": 14.154334861924601,
  "attTrapBonusMultiplier": 1.2957883325688557,
  "attEscapePenaltyMultiplier": 0.667391527113735,
  "defSurvivalMultiplier": 6.998694737481321,
  "defThreatPenaltyMultiplier": 19.671565567451907,
  "defClusterPenalty": 32.78401014488788,
  "defCollinearPenalty": 26.685125922988497,
  "defMobilityBonus": 7.042593112127062,
  "defCenterControlPenalty": 12.369817566921467,
  "defSafetyStepPenaltyMultiplier": 0.099604197369809
}