{
  "attCapture50Bonus": 74412.13347596882,
  "attCapture30Bonus": 30089.180765054956,
  "attCapture20Bonus": 12430.20556208764,
  "attWinBonus": 83562.50494391099,
  "attThreatMultiplier": 0.6312331311406322,
  "attApproachPenaltyMultiplier": 2.5037796983167984,
  "attApproachThreshold": 0.5951914204230545,
  "attImmediateCaptureMultiplier": 2.6461717156026348,
  "attMirrorBounceBonus": 1.5387084020339201,
  "attMobilityBonus": 7.797805402649118,
  "attCenterControlBonus": 5.029432197765877,
  "attTrapBonusMultiplier": 0.6085137981425855,
  "attEscapePenaltyMultiplier": 0.08485186017404496,
  "defSurvivalMultiplier": 13.07561099026814,
  "defThreatPenaltyMultiplier": 9.50242149183055,
  "defClusterPenalty": 30.412740812691723,
  "defCollinearPenalty": 50.73629338121607,
  "defMobilityBonus": 7.134139050717628,
  "defCenterControlPenalty": 9.159740528993915,
  "defSafetyStepPenaltyMultiplier": 0.2223273911164525
}