{
  "attCapture50Bonus": 68676.85585575287,
  "attCapture30Bonus": 14696.335578813543,
  "attCapture20Bonus": 13665.378018303334,
  "attWinBonus": 34775.47453095284,
  "attThreatMultiplier": 1.1712659611403153,
  "attApproachPenaltyMultiplier": 1.5737730145742932,
  "attApproachThreshold": 0.34647431980824217,
  "attImmediateCaptureMultiplier": 1.6329398387233278,
  "attMirrorBounceBonus": 3.705487659840411,
  "attMobilityBonus": 9.218711916174609,
  "attCenterControlBonus": 9.234374899832595,
  "attTrapBonusMultiplier": 0.5442571124208709,
  "attEscapePenaltyMultiplier": 0.22478762831018964,
  "defSurvivalMultiplier": 23.25913965190668,
  "defThreatPenaltyMultiplier": 5.695188375348551,
  "defClusterPenalty": 5.5829822579852335,
  "defCollinearPenalty": 70.31553823916943,
  "defMobilityBonus": 6.702208809570828,
  "defCenterControlPenalty": 9.011029779561989,
  "defSafetyStepPenaltyMultiplier": 0.07347735512823064
}