{
  "attCapture50Bonus": 54648.69307435511,
  "attCapture30Bonus": 24165.84455468895,
  "attCapture20Bonus": 10180.905187171009,
  "attWinBonus": 98543.09003957642,
  "attThreatMultiplier": 1.5357712156030563,
  "attApproachPenaltyMultiplier": 2.899281121520252,
  "attApproachThreshold": 0.4024719081154751,
  "attImmediateCaptureMultiplier": 2.5026225863915457,
  "attMirrorBounceBonus": 3.392131526587371,
  "attMobilityBonus": 8.50177211181744,
  "attCenterControlBonus": 6.375658882602398,
  "attTrapBonusMultiplier": 0.9247224083779476,
  "attEscapePenaltyMultiplier": 0.24153074866799432,
  "defSurvivalMultiplier": 10.233851438027818,
  "defThreatPenaltyMultiplier": 9.82752731267773,
  "defClusterPenalty": 29.48708872994017,
  "defCollinearPenalty": 35.32589466609062,
  "defMobilityBonus": 3.833733656830441,
  "defCenterControlPenalty": 12.271490235081906,
  "defSafetyStepPenaltyMultiplier": 0.11715775364299627
}