{
  "attCapture50Bonus": 62905.13154343951,
  "attCapture30Bonus": 35471.68892122372,
  "attCapture20Bonus": 14678.944481045442,
  "attWinBonus": 67000.24789005314,
  "attThreatMultiplier": 1.7722570382669318,
  "attApproachPenaltyMultiplier": 3.8784342563249576,
  "attApproachThreshold": 0.3158939157816117,
  "attImmediateCaptureMultiplier": 2.4574136591305433,
  "attMirrorBounceBonus": 6.57739231930771,
  "attMobilityBonus": 5.647507458147294,
  "attCenterControlBonus": 5.9339573104661305,
  "attTrapBonusMultiplier": 0.8296628971640873,
  "attEscapePenaltyMultiplier": 0.37589902685463994,
  "defSurvivalMultiplier": 8.857108145235093,
  "defThreatPenaltyMultiplier": 16.91460349530441,
  "defClusterPenalty": 42.95093043667344,
  "defCollinearPenalty": 39.46397860374201,
  "defMobilityBonus": 4.418709149503851,
  "defCenterControlPenalty": 10.4625793817579,
  "defSafetyStepPenaltyMultiplier": 0.10924151494055928
}