{
  "attCapture50Bonus": 45907.5609074342,
  "attCapture30Bonus": 23814.042909736898,
  "attCapture20Bonus": 12784.91626291704,
  "attWinBonus": 84255.55653655062,
  "attThreatMultiplier": 1.0096891703360902,
  "attApproachPenaltyMultiplier": 1.867938161192919,
  "attApproachThreshold": 0.2465321447693727,
  "attImmediateCaptureMultiplier": 2.7178175842187584,
  "attMirrorBounceBonus": 2.549601371179996,
  "attMobilityBonus": 6.0963219842858125,
  "attCenterControlBonus": 10.747384167935857,
  "attTrapBonusMultiplier": 0.5652658517727117,
  "attEscapePenaltyMultiplier": 0.17106086919707808,
  "defSurvivalMultiplier": 12.364394605494367,
  "defThreatPenaltyMultiplier": 11.389426026223097,
  "defClusterPenalty": 20.20996232472506,
  "defCollinearPenalty": 34.860656993169414,
  "defMobilityBonus": 3.4900624865632115,
  "defCenterControlPenalty": 13.63282944446492,
  "defSafetyStepPenaltyMultiplier": 0.1436486526530807
}