{
  "attCapture50Bonus": 43219.73799922084,
  "attCapture30Bonus": 25070.33849914349,
  "attCapture20Bonus": 12430.20556208764,
  "attWinBonus": 78218.70007249893,
  "attThreatMultiplier": 0.44870244538862625,
  "attApproachPenaltyMultiplier": 3.757313532335163,
  "attApproachThreshold": 0.6466314020493223,
  "attImmediateCaptureMultiplier": 2.469164805062437,
  "attMirrorBounceBonus": 3.7751866970585466,
  "attMobilityBonus": 5.195706531486862,
  "attCenterControlBonus": 8.386279360884252,
  "attTrapBonusMultiplier": 0.35961413250581864,
  "attEscapePenaltyMultiplier": 0.09262606663023454,
  "defSurvivalMultiplier": 8.454460572322235,
  "defThreatPenaltyMultiplier": 3.9250102165567844,
  "defClusterPenalty": 30.60104616253327,
  "defCollinearPenalty": 31.467317994353678,
  "defMobilityBonus": 5.562295281486216,
  "defCenterControlPenalty": 18.206232573670086,
  "defSafetyStepPenaltyMultiplier": 0.08818158453692196
}